source_family,domain,document_type,authority_class,legal_regime,jurisdiction,acquisition_method,parser_extractor,discovered_count,retained_count_live_chunks,excluded_count,notes
Primary legislation (Acts),legislation.gov.uk,statute XML (AKN/CLML),PRIMARY_LEGISLATION,PA2023,UK,scrape_core_legislation_full.py (fixed candidate-URL list per instrument; non-recursive; picks best of 4 representation URLs by completeness score),group_a_legislation_scraper_v4.py (auto-detects AKN vs CLML; recursive tree walk),unknown exact discovered count (fixed instrument list not logged as a discovery count),7642 live chunks (chunk-level authority_class count),0 known excluded at this stage beyond dedup,One duplicate instrument (raw /data.akn scrape of UKPGA_2023_54) superseded by the parsed version per deduplicate_instruments_report.json
Secondary legislation (Regulations),legislation.gov.uk,statutory instrument XML (AKN/CLML),SECONDARY_LEGISLATION,PR2024 / PCR2015,UK,scrape_core_legislation_full.py; same non-recursive fixed-list method,group_a_legislation_scraper_v4.py,unknown exact discovered count,823 live chunks,0 known excluded beyond dedup,Two further duplicate-instrument groups (UKSI_2015_102 raw scrape; UKSI_2024_692 raw scrape) superseded per same report
Official government guidance (PA2023/PCR2015 guidance collections),gov.uk,HTML collection + PDF attachments,OFFICIAL_GOVERNMENT_GUIDANCE,mixed / mostly untagged,UK,scrape_procurement_act_guidance.py / scrape_procurement_policy_notes.py (collection page -> publication pages -> Documents attachment links only; not recursive beyond that),BeautifulSoup HTML extraction (.govspeak/.gem-c-govspeak/main fallback) + PyMuPDF for PDF attachments,not separately logged,8850 live chunks (largest authority_class group),unknown (content_filters.py drop reasons apply corpus-wide, not logged per source family),Largest chunk-level authority_class group in the live corpus
Procurement Pathway / Procurement Journey (lifecycle guidance),procurementpathway.civilservice.gov.uk / procurementjourney.scot,HTML lifecycle-stage pages,OFFICIAL_WORKFLOW,mostly untagged,UK,"UNKNOWN -- no crawler script for this source exists anywhere in the current repository. procurement_pathway_urls.jsonl (1690 URLs, discovery_relation=LIFECYCLE_STAGE_LINK, 459 distinct topic slugs x up to 17 lifecycle stages) and crawl_seed_counts.csv (1949 documents from this seed) prove a real recursive lifecycle crawl was performed, but its source code is absent from this checkout -- a genuine reproducibility gap, disclosed not hidden",BeautifulSoup-pattern HTML extraction (exact normalizer for normalized_html_json_v2/v3retry not located),1690 (pathway URLs file) / 1949 (crawl_seed_counts.csv for this seed) -- two different counts from two different pipeline stages,2253 live chunks (OFFICIAL_WORKFLOW authority_class),unknown,Single largest identified source family by discovered URL count; acquisition code not reproducible from this repo as-is
Regulator / technical guidance,gov.uk / CMA / other regulator domains,HTML + PDF,OFFICIAL_REGULATOR_GUIDANCE / OFFICIAL_TECHNICAL_GUIDANCE,mixed,UK,scrape_competition_procurement_guidance.py and similar (fixed URL list, explicitly non-recursive: `"follow_links": False`),BeautifulSoup + PyMuPDF,not separately logged,530 (OFFICIAL_REGULATOR_GUIDANCE) + 165 (OFFICIAL_TECHNICAL_GUIDANCE) live chunks,unknown,Explicitly documented in code as non-recursive
Professional / practitioner material (law firm commentary, procurement portals),procurementlawyers.org.uk / procurementportal.com / law-firm sites,HTML + PDF,PROFESSIONAL_INTERPRETATION / NON_AUTHORITATIVE_PROFESSIONAL,mixed / untagged,UK,scrape_professional_procurement_sources.py (fixed list; one exception follows only PDF-class links found within PROCUREMENTPORTAL_PART3's own page body),BeautifulSoup + PyMuPDF,not separately logged,1630 (PROFESSIONAL_INTERPRETATION) + 149 (NON_AUTHORITATIVE_PROFESSIONAL) live chunks,dropped: "43% LOW_VALUE" association-news/biography content per content_filters.py comment for procurementlawyers.org.uk,Long tail of individual law-firm domains present in all_scraped_urls.csv (Burges Salmon, Pinsent Masons via PROCUREMENTPORTAL_PART3, etc.)
National Security Unit for Procurement guidance,gov.uk,single HTML page,OFFICIAL_GOVERNMENT_GUIDANCE,PA2023,UK,scrape_nsup.py (single fixed page, `follow_links: False`),BeautifulSoup,1,included in OFFICIAL_GOVERNMENT_GUIDANCE total above,0,Smallest, single-page source family
PDF reports / standalone documents (general),assets.publishing.service.gov.uk and other domains,PDF,varies (mostly OFFICIAL_GOVERNMENT_GUIDANCE / PROFESSIONAL_INTERPRETATION),mixed,UK,multiple scrapers plus standalone ingest via run_pdf_pipeline.py / ingest_pdf_chunks.py,PyMuPDF (fitz) text extraction; LLM_PDF_TEXT_V2 chunking (see chunking audit),357 PDF rows in all_scraped_urls.csv (assets.publishing.service.gov.uk alone),9546 live chunks tagged source_kind=PDF,285 fidelity_failed (flagged, not excluded) + 98 dup_within + 9 dup_existing per ingest_pdf_chunks_report.json,PDF is the single largest source_kind by live chunk count (9546 of 22042)
Other retained sources (long-tail domains, EU/EUR-Lex references, misc.),eur-lex.europa.eu / judiciary.uk / other,mixed,mixed,mixed / EU,UK+EU,various scrapers,various,small (EUR-Lex 5, judiciary.uk 2 rows in all_scraped_urls.csv),included in above totals by authority_class,unknown,Long tail; not independently significant by volume
